28;11;Blake;Carpenter;11231231223;11:00;2019-11-16
29;12;Alan;Gilmore;25556614896;12:00;2019-12-6
30;13;Thomas;Cameron;86122374596;13:00;2019-12-5
31;14;Edwin;Wilkinson;89452552424;14:00;2019-11-23
32;15;Brent;Carr;78510692431;15:00;2019-12-13
33;16;Donald;Bridges;89675123004;16:00;2019-11-30
34;17;Nicholas;Connor;29610452089;17:00;2019-11-29
35;18;John;Gray;11675322236;18:00;2019-12-3
36;19;Ethan;Watkins;94512306789;19:00;2019-11-15
37;20;Calvin;Thompson;61284795310;20:00;2019-12-11
38;21;Jacob;Stewart;89645266321;21:00;2019-12-12