use Gerasimov_course_work

insert into Color (color_name)
values 
	('Красный'),
	('Оранжевый'),
	('Желтый'),
	('Зеленый'),
	('Голубой'),
	('Синий'),
	('Фиолетовый'),
	('Белый'),
	('Черный'),
	('Коричневый')

insert into Material (material_name)
values
	('Дерево'),
	('Металл'),
	('Пластик')

insert into Form_Factor (form_name)
values
	('Круг'),
	('Квадрат'),
	('Овал'),
	('Прямоугольник')

insert into [Table] (table_number, number_of_seats, color_id, material_id, form_id)
values
	(1, 3, 8, 1, 1),
	(2, 4, 7, 2, 2),
	(3, 6, 3, 3, 4),
	(4, 3, 1, 2, 1),
	(5, 5, 4, 1, 3),
	(6, 4, 9, 1, 2),
	(7, 3, 8, 3, 4),
	(8, 3, 2, 2, 3),
	(9, 2, 5, 1, 1),
	(10, 4, 6, 1, 1)

insert into Reservation (reservation_number, client_fname, client_lname, client_phone, time_of_reservation, date_of_reservation)
values
	(1, 'Иван', 'Иванов', '88888888888', '13:30', '12-1-2019'),
	(2, 'Петр', 'Петров', '99999999999', '10:00', '12-25-2019'),
	(3, 'Семён', 'Семенов', '77777777777', '21:15', '11-11-2019'),
	(4, 'Никита', 'Герасимов', '66666666666', '18:00', '11-13-2019'),
	(5, 'Михаил', 'Зубенко', '55555555555', '14:48', '11-19-2019'),
	(6, 'Владимир', 'Ленин', '44444444444', '19:17', '12-12-2019'),
	(7, 'Роман', 'Сидоров', '33333333333', '12:30', '11-5-2019'),
	(8, 'Евгений', 'Пупкин', '22222222222', '15:45', '11-30-2019'),
	(9, 'Владислав', 'Маркелов', '11111111111', '13:00', '11-20-2019'),
	(10, 'Сергей', 'Сергеев', '00000000000', '9:30', '12-2-2019')

insert into Table_Reservation(table_id, reservation_id)
values
	(1, 1),
	(2, 2),
	(3, 3),
	(4, 4),
	(5, 5),
	(6, 6),
	(7, 7),
	(8, 8),
	(9, 9),
	(10, 10)